numberSupervisedPairsList,SsvTrainingMeanList,SsvTestingAllMeanList,SsvTestingUsvMeanList,SsvGraphTrainingMeanList,SsvGraphTestingAllMeanList,SsvGraphTestingUsvMeanList
1,1.0000000000198033,0.5591055225084245,0.496120597149656,0.9952781902520823,0.5646033259191159,0.5024063167814475
2,0.9962050852847394,0.6273301606159591,0.5043718523930324,0.768381778999684,0.7123121746740069,0.6433518981233298
3,0.987865678866324,0.682878439929917,0.4998860965680726,0.7252501028360505,0.736284675774809,0.6685262224795241
4,0.9778848380911466,0.7519178396740711,0.5259508412569953,0.7093546054386374,0.7568207620436869,0.6770488135327334
5,0.9685377253427299,0.8002767025906309,0.5198416646704658,0.6997831527468139,0.7660792869175961,0.6665549078148423
6,0.9553781522154522,0.8518426643769297,0.541236200861362,0.6889678287690323,0.7805266082273903,0.6670020440088195
7,0.9459220896622724,0.8918229931281995,0.5131293173896885,0.6760632611573545,0.7932511645806019,0.6701334572908783
8,0.9301160188666877,0.9301160188666877,1.0,0.6619549561810639,0.8048348968379796,1.0
